insert into SET_HFM_CODES(hfmcode, tptype) values ('1000', 'Type 10');
insert into SET_HFM_CODES(hfmcode, tptype) values ('2000', 'Type 20');
insert into SET_HFM_CODES(hfmcode, tptype) values ('3000', 'Type 30');
insert into SET_HFM_CODES(hfmcode, tptype) values ('4000', 'Type 40');
insert into SET_HFM_CODES(hfmcode, tptype) values ('5000', 'Type 50');
insert into SET_HFM_CODES(hfmcode, tptype) values ('6000', 'Type 60');
insert into SET_HFM_CODES(hfmcode, tptype) values ('7000', 'Type 70');
insert into SET_HFM_CODES(hfmcode, tptype) values ('8000', 'Type 80');
insert into SET_HFM_CODES(hfmcode, tptype) values ('9000', 'Type 90');
insert into SET_HFM_CODES(hfmcode, tptype) values ('10000', 'Type 100');
insert into SET_HFM_CODES(hfmcode, tptype) values ('11000', 'Type 110');
insert into SET_HFM_CODES(hfmcode, tptype) values ('12000', 'Type 120');
insert into SET_HFM_CODES(hfmcode, tptype) values ('13000', 'Type 130');
insert into SET_HFM_CODES(hfmcode, tptype) values ('14000', 'Type 140');
insert into SET_HFM_CODES(hfmcode, tptype) values ('15000', 'Type 150');
insert into SET_HFM_CODES(hfmcode, tptype) values ('16000', 'Type 160');
insert into SET_HFM_CODES(hfmcode, tptype) values ('17000', 'Type 170');
insert into SET_HFM_CODES(hfmcode, tptype) values ('18000', 'Type 180');
insert into SET_HFM_CODES(hfmcode, tptype) values ('19000', 'Type 190');
insert into SET_HFM_CODES(hfmcode, tptype) values ('20000', 'Type 200');
insert into SET_HFM_CODES(hfmcode, tptype) values ('21000', 'Type 210');
insert into SET_HFM_CODES(hfmcode, tptype) values ('22000', 'Type 220');
insert into SET_HFM_CODES(hfmcode, tptype) values ('23000', 'Type 230');
insert into SET_HFM_CODES(hfmcode, tptype) values ('24000', 'Type 240');
insert into SET_HFM_CODES(hfmcode, tptype) values ('25000', 'Type 250');
insert into SET_HFM_CODES(hfmcode, tptype) values ('26000', 'Type 260');
insert into SET_HFM_CODES(hfmcode, tptype) values ('27000', 'Type 270');
insert into SET_HFM_CODES(hfmcode, tptype) values ('28000', 'Type 280');
insert into SET_HFM_CODES(hfmcode, tptype) values ('29000', 'Type 290');
insert into SET_HFM_CODES(hfmcode, tptype) values ('30000', 'Type 300');
insert into SET_HFM_CODES(hfmcode, tptype) values ('31000', 'Type 310');
insert into SET_HFM_CODES(hfmcode, tptype) values ('32000', 'Type 320');
insert into SET_HFM_CODES(hfmcode, tptype) values ('33000', 'Type 330');
insert into SET_HFM_CODES(hfmcode, tptype) values ('34000', 'Type 340');
insert into SET_HFM_CODES(hfmcode, tptype) values ('35000', 'Type 350');
insert into SET_HFM_CODES(hfmcode, tptype) values ('36000', 'Type 360');
insert into SET_HFM_CODES(hfmcode, tptype) values ('37000', 'Type 370');
insert into SET_HFM_CODES(hfmcode, tptype) values ('38000', 'Type 380');
insert into SET_HFM_CODES(hfmcode, tptype) values ('39000', 'Type 390');
insert into SET_HFM_CODES(hfmcode, tptype) values ('40000', 'Type 400');
insert into SET_HFM_CODES(hfmcode, tptype) values ('41000', 'Type 410');
insert into SET_HFM_CODES(hfmcode, tptype) values ('42000', 'Type 420');
insert into SET_HFM_CODES(hfmcode, tptype) values ('43000', 'Type 430');
insert into SET_HFM_CODES(hfmcode, tptype) values ('44000', 'Type 440');
insert into SET_HFM_CODES(hfmcode, tptype) values ('45000', 'Type 450');
insert into SET_HFM_CODES(hfmcode, tptype) values ('46000', 'Type 460');
insert into SET_HFM_CODES(hfmcode, tptype) values ('47000', 'Type 470');
insert into SET_HFM_CODES(hfmcode, tptype) values ('48000', 'Type 480');
insert into SET_HFM_CODES(hfmcode, tptype) values ('49000', 'Type 490');
insert into SET_HFM_CODES(hfmcode, tptype) values ('50000', 'Type 500');
insert into SET_HFM_CODES(hfmcode, tptype) values ('51000', 'Type 510');
insert into SET_HFM_CODES(hfmcode, tptype) values ('52000', 'Type 520');
insert into SET_HFM_CODES(hfmcode, tptype) values ('53000', 'Type 530');
insert into SET_HFM_CODES(hfmcode, tptype) values ('54000', 'Type 540');
insert into SET_HFM_CODES(hfmcode, tptype) values ('55000', 'Type 550');
insert into SET_HFM_CODES(hfmcode, tptype) values ('56000', 'Type 560');
insert into SET_HFM_CODES(hfmcode, tptype) values ('57000', 'Type 570');
insert into SET_HFM_CODES(hfmcode, tptype) values ('58000', 'Type 580');
insert into SET_HFM_CODES(hfmcode, tptype) values ('59000', 'Type 590');
insert into SET_HFM_CODES(hfmcode, tptype) values ('60000', 'Type 600');
insert into SET_HFM_CODES(hfmcode, tptype) values ('61000', 'Type 610');
insert into SET_HFM_CODES(hfmcode, tptype) values ('62000', 'Type 620');
insert into SET_HFM_CODES(hfmcode, tptype) values ('63000', 'Type 630');
insert into SET_HFM_CODES(hfmcode, tptype) values ('64000', 'Type 640');
insert into SET_HFM_CODES(hfmcode, tptype) values ('65000', 'Type 650');
insert into SET_HFM_CODES(hfmcode, tptype) values ('66000', 'Type 660');
insert into SET_HFM_CODES(hfmcode, tptype) values ('67000', 'Type 670');
insert into SET_HFM_CODES(hfmcode, tptype) values ('68000', 'Type 680');
insert into SET_HFM_CODES(hfmcode, tptype) values ('69000', 'Type 690');
insert into SET_HFM_CODES(hfmcode, tptype) values ('70000', 'Type 700');
insert into SET_HFM_CODES(hfmcode, tptype) values ('71000', 'Type 710');
insert into SET_HFM_CODES(hfmcode, tptype) values ('72000', 'Type 720');
insert into SET_HFM_CODES(hfmcode, tptype) values ('73000', 'Type 730');
insert into SET_HFM_CODES(hfmcode, tptype) values ('74000', 'Type 740');
insert into SET_HFM_CODES(hfmcode, tptype) values ('75000', 'Type 750');
insert into SET_HFM_CODES(hfmcode, tptype) values ('76000', 'Type 760');
insert into SET_HFM_CODES(hfmcode, tptype) values ('77000', 'Type 770');
insert into SET_HFM_CODES(hfmcode, tptype) values ('78000', 'Type 780');
insert into SET_HFM_CODES(hfmcode, tptype) values ('79000', 'Type 790');
insert into SET_HFM_CODES(hfmcode, tptype) values ('80000', 'Type 800');
insert into SET_HFM_CODES(hfmcode, tptype) values ('81000', 'Type 810');
insert into SET_HFM_CODES(hfmcode, tptype) values ('82000', 'Type 820');
insert into SET_HFM_CODES(hfmcode, tptype) values ('83000', 'Type 830');
insert into SET_HFM_CODES(hfmcode, tptype) values ('84000', 'Type 840');
insert into SET_HFM_CODES(hfmcode, tptype) values ('85000', 'Type 850');
insert into SET_HFM_CODES(hfmcode, tptype) values ('86000', 'Type 860');
insert into SET_HFM_CODES(hfmcode, tptype) values ('87000', 'Type 870');
insert into SET_HFM_CODES(hfmcode, tptype) values ('88000', 'Type 880');
insert into SET_HFM_CODES(hfmcode, tptype) values ('89000', 'Type 890');
insert into SET_HFM_CODES(hfmcode, tptype) values ('90000', 'Type 900');
insert into SET_HFM_CODES(hfmcode, tptype) values ('91000', 'Type 910');
insert into SET_HFM_CODES(hfmcode, tptype) values ('92000', 'Type 920');
insert into SET_HFM_CODES(hfmcode, tptype) values ('93000', 'Type 930');
insert into SET_HFM_CODES(hfmcode, tptype) values ('94000', 'Type 940');
insert into SET_HFM_CODES(hfmcode, tptype) values ('95000', 'Type 950');
insert into SET_HFM_CODES(hfmcode, tptype) values ('96000', 'Type 960');
insert into SET_HFM_CODES(hfmcode, tptype) values ('97000', 'Type 970');
insert into SET_HFM_CODES(hfmcode, tptype) values ('98000', 'Type 980');
insert into SET_HFM_CODES(hfmcode, tptype) values ('99000', 'Type 990');

Insert into HFM_ROLLUP_ENTRIES (COMPANYID,ENTITY,RAPPLICATION,SCENARIO,RYEAR,RPERIOD,RVIEW,RVALUE,SEGMENT,ATTRIBUTE1,ATTRIBUTE2,ATTRIBUTE3,ATTRIBUTE4,ATTRIBUTE5,ATTRIBUTE6,VALIDATIONS,RECLASSIFICATIONS) values (86,'TCL','AMERICA','ACTUAL_TTIF','2020','DEC','YTD','<Entity Currency>',null,'Ok','Processing','Starting',null,'Starting','Processing',null,null);
Insert into HFM_ROLLUP_ENTRIES (COMPANYID,ENTITY,RAPPLICATION,SCENARIO,RYEAR,RPERIOD,RVIEW,RVALUE,SEGMENT,ATTRIBUTE1,ATTRIBUTE2,ATTRIBUTE3,ATTRIBUTE4,ATTRIBUTE5,ATTRIBUTE6,VALIDATIONS,RECLASSIFICATIONS) values (87,'TCL_PACKAGING','AMERICA','ACTUAL_TTIF','2020','DEC','YTD','<Entity Currency>',null,'Ok','Processing','Starting',null,'Starting','Processing',null,null);
Insert into HFM_ROLLUP_ENTRIES (COMPANYID,ENTITY,RAPPLICATION,SCENARIO,RYEAR,RPERIOD,RVIEW,RVALUE,SEGMENT,ATTRIBUTE1,ATTRIBUTE2,ATTRIBUTE3,ATTRIBUTE4,ATTRIBUTE5,ATTRIBUTE6,VALIDATIONS,RECLASSIFICATIONS) values (88,'TCL_PONSA','AMERICA','ACTUAL_TTIF','2020','DEC','YTD','<Entity Currency>',null,'Ok','Processing','Starting',null,'Starting','Processing',null,null);
Insert into HFM_ROLLUP_ENTRIES (COMPANYID,ENTITY,RAPPLICATION,SCENARIO,RYEAR,RPERIOD,RVIEW,RVALUE,SEGMENT,ATTRIBUTE1,ATTRIBUTE2,ATTRIBUTE3,ATTRIBUTE4,ATTRIBUTE5,ATTRIBUTE6,VALIDATIONS,RECLASSIFICATIONS) values (89,'RML','AMERICA','ACTUAL_TTIF','2020','DEC','YTD','<Entity Currency>',null,'Ok','Processing','Starting',null,'Starting','Processing',null,null);
Insert into HFM_ROLLUP_ENTRIES (COMPANYID,ENTITY,RAPPLICATION,SCENARIO,RYEAR,RPERIOD,RVIEW,RVALUE,SEGMENT,ATTRIBUTE1,ATTRIBUTE2,ATTRIBUTE3,ATTRIBUTE4,ATTRIBUTE5,ATTRIBUTE6,VALIDATIONS,RECLASSIFICATIONS) values (90,'TCL_LEASING','AMERICA','ACTUAL_TTIF','2020','DEC','YTD','<Entity Currency>',null,'Ok','Processing','Starting',null,'Starting','Processing',null,null);
Insert into HFM_ROLLUP_ENTRIES (COMPANYID,ENTITY,RAPPLICATION,SCENARIO,RYEAR,RPERIOD,RVIEW,RVALUE,SEGMENT,ATTRIBUTE1,ATTRIBUTE2,ATTRIBUTE3,ATTRIBUTE4,ATTRIBUTE5,ATTRIBUTE6,VALIDATIONS,RECLASSIFICATIONS) values (93,'ARAWAK_BBD','AMERICA','ACTUAL_TTIF','2020','DEC','YTD','<Entity Currency>',null,'Ok','Processing','Starting',null,'Starting','Processing',null,null);
Insert into HFM_ROLLUP_ENTRIES (COMPANYID,ENTITY,RAPPLICATION,SCENARIO,RYEAR,RPERIOD,RVIEW,RVALUE,SEGMENT,ATTRIBUTE1,ATTRIBUTE2,ATTRIBUTE3,ATTRIBUTE4,ATTRIBUTE5,ATTRIBUTE6,VALIDATIONS,RECLASSIFICATIONS) values (95,'TCL_GUYANA_GYD','AMERICA','ACTUAL_TTIF','2020','DEC','YTD','<Entity Currency>',null,'Ok','Processing','Starting',null,'Starting','Processing',null,null);
Insert into HFM_ROLLUP_ENTRIES (COMPANYID,ENTITY,RAPPLICATION,SCENARIO,RYEAR,RPERIOD,RVIEW,RVALUE,SEGMENT,ATTRIBUTE1,ATTRIBUTE2,ATTRIBUTE3,ATTRIBUTE4,ATTRIBUTE5,ATTRIBUTE6,VALIDATIONS,RECLASSIFICATIONS) values (96,'CARIB_JMD','AMERICA','ACTUAL_TTIF','2020','DEC','YTD','<Entity Currency>',null,'Ok','Processing','Starting',null,'Starting','Processing',null,null);
Insert into HFM_ROLLUP_ENTRIES (COMPANYID,ENTITY,RAPPLICATION,SCENARIO,RYEAR,RPERIOD,RVIEW,RVALUE,SEGMENT,ATTRIBUTE1,ATTRIBUTE2,ATTRIBUTE3,ATTRIBUTE4,ATTRIBUTE5,ATTRIBUTE6,VALIDATIONS,RECLASSIFICATIONS) values (98,'RMBC','AMERICA','ACTUAL_TTIF','2020','DEC','YTD','<Entity Currency>',null,'Ok','Processing','Starting',null,'Starting','Processing',null,null);
Insert into HFM_ROLLUP_ENTRIES (COMPANYID,ENTITY,RAPPLICATION,SCENARIO,RYEAR,RPERIOD,RVIEW,RVALUE,SEGMENT,ATTRIBUTE1,ATTRIBUTE2,ATTRIBUTE3,ATTRIBUTE4,ATTRIBUTE5,ATTRIBUTE6,VALIDATIONS,RECLASSIFICATIONS) values (101,'TCL_TRADING_USD','AMERICA','ACTUAL_TTIF','2020','DEC','YTD','<Entity Currency>',null,'Ok','Processing','Starting',null,'Starting','Processing',null,null);
Insert into HFM_ROLLUP_ENTRIES (COMPANYID,ENTITY,RAPPLICATION,SCENARIO,RYEAR,RPERIOD,RVIEW,RVALUE,SEGMENT,ATTRIBUTE1,ATTRIBUTE2,ATTRIBUTE3,ATTRIBUTE4,ATTRIBUTE5,ATTRIBUTE6,VALIDATIONS,RECLASSIFICATIONS) values (103,'TCL_NEVIS_USD','AMERICA','ACTUAL_TTIF','2020','DEC','YTD','<Entity Currency>',null,'Ok','Processing','Starting',null,'Starting','Processing',null,null);
Insert into HFM_ROLLUP_ENTRIES (COMPANYID,ENTITY,RAPPLICATION,SCENARIO,RYEAR,RPERIOD,RVIEW,RVALUE,SEGMENT,ATTRIBUTE1,ATTRIBUTE2,ATTRIBUTE3,ATTRIBUTE4,ATTRIBUTE5,ATTRIBUTE6,VALIDATIONS,RECLASSIFICATIONS) values (137,'TCL','AMERICA','ACTUAL_TTIF','2020','DEC','YTD','<Entity Currency>',null,'Ok','Processing','Starting',null,'Starting','Processing',null,null);
Insert into HFM_ROLLUP_ENTRIES (COMPANYID,ENTITY,RAPPLICATION,SCENARIO,RYEAR,RPERIOD,RVIEW,RVALUE,SEGMENT,ATTRIBUTE1,ATTRIBUTE2,ATTRIBUTE3,ATTRIBUTE4,ATTRIBUTE5,ATTRIBUTE6,VALIDATIONS,RECLASSIFICATIONS) values (1003,'ARAWAK_CON_BBD','AMERICA','ACTUAL_TTIF','2020','DEC','YTD','<Entity Currency>',null,'Ok','Processing','Starting',null,'Starting','Processing',null,null);
Insert into HFM_ROLLUP_ENTRIES (COMPANYID,ENTITY,RAPPLICATION,SCENARIO,RYEAR,RPERIOD,RVIEW,RVALUE,SEGMENT,ATTRIBUTE1,ATTRIBUTE2,ATTRIBUTE3,ATTRIBUTE4,ATTRIBUTE5,ATTRIBUTE6,VALIDATIONS,RECLASSIFICATIONS) values (1064,'TTLI_TRADING_USD','AMERICA','ACTUAL_TTIF','2020','DEC','YTD','<Entity Currency>',null,'Ok','Processing','Starting',null,'Starting','Processing',null,null);

Insert into SET_PAYABLES_ICP (ICPCODE,SUPPLIERNO,TPARTNERTYPE,COMPANYID,HFMCODE) values ('CARIB',5475,'INTERCIAS',137,null);
Insert into SET_PAYABLES_ICP (ICPCODE,SUPPLIERNO,TPARTNERTYPE,COMPANYID,HFMCODE) values ('CARIB',4942,'INTERCIAS',137,null);
Insert into SET_PAYABLES_ICP (ICPCODE,SUPPLIERNO,TPARTNERTYPE,COMPANYID,HFMCODE) values ('TCL_LEASING',7315,'INTERCIAS',137,null);
Insert into SET_PAYABLES_ICP (ICPCODE,SUPPLIERNO,TPARTNERTYPE,COMPANYID,HFMCODE) values ('TCL_TRADING',2268,'INTERCIAS',137,null);
Insert into SET_PAYABLES_ICP (ICPCODE,SUPPLIERNO,TPARTNERTYPE,COMPANYID,HFMCODE) values ('TCL_GUYANA',13971,'INTERCIAS',137,null);
Insert into SET_PAYABLES_ICP (ICPCODE,SUPPLIERNO,TPARTNERTYPE,COMPANYID,HFMCODE) values ('C_ESPANA',25125,'INTERCIAS',137,null);
Insert into SET_PAYABLES_ICP (ICPCODE,SUPPLIERNO,TPARTNERTYPE,COMPANYID,HFMCODE) values ('CEMEX_TRANSPORTE',25233,'INTERCIAS',137,null);
Insert into SET_PAYABLES_ICP (ICPCODE,SUPPLIERNO,TPARTNERTYPE,COMPANYID,HFMCODE) values ('C_ESPANA',26011,'INTERCIAS',137,null);
Insert into SET_PAYABLES_ICP (ICPCODE,SUPPLIERNO,TPARTNERTYPE,COMPANYID,HFMCODE) values ('ARAWAK_CON',25765,'INTERCIAS',93,'5101202');
Insert into SET_PAYABLES_ICP (ICPCODE,SUPPLIERNO,TPARTNERTYPE,COMPANYID,HFMCODE) values ('TCL',2332,'INTERCIAS',93,'5101202');
Insert into SET_PAYABLES_ICP (ICPCODE,SUPPLIERNO,TPARTNERTYPE,COMPANYID,HFMCODE) values ('C_HOLDINGS',24039,'INTERCIAS',93,'5101202');
Insert into SET_PAYABLES_ICP (ICPCODE,SUPPLIERNO,TPARTNERTYPE,COMPANYID,HFMCODE) values ('TCL_TRADING',2268,'INTERCIAS',93,'5101202');
Insert into SET_PAYABLES_ICP (ICPCODE,SUPPLIERNO,TPARTNERTYPE,COMPANYID,HFMCODE) values ('TCL_PONSA',2266,'INTERCIAS',93,'5101202');
Insert into SET_PAYABLES_ICP (ICPCODE,SUPPLIERNO,TPARTNERTYPE,COMPANYID,HFMCODE) values ('TCL_PACKAGING',2253,'INTERCIAS',93,'5101202');
Insert into SET_PAYABLES_ICP (ICPCODE,SUPPLIERNO,TPARTNERTYPE,COMPANYID,HFMCODE) values ('TCL_GUYANA',13971,'INTERCIAS',93,'5101202');
Insert into SET_PAYABLES_ICP (ICPCODE,SUPPLIERNO,TPARTNERTYPE,COMPANYID,HFMCODE) values ('SUPERQUIMICOS',25923,'INTERCIAS',93,'5101202');
Insert into SET_PAYABLES_ICP (ICPCODE,SUPPLIERNO,TPARTNERTYPE,COMPANYID,HFMCODE) values ('SUNBULK_SHIP_LTD',25694,'INTERCIAS',93,'5101202');
Insert into SET_PAYABLES_ICP (ICPCODE,SUPPLIERNO,TPARTNERTYPE,COMPANYID,HFMCODE) values ('CCCL_JAM_GYPSUM',1752,'INTERCIAS',93,'5101202');
Insert into SET_PAYABLES_ICP (ICPCODE,SUPPLIERNO,TPARTNERTYPE,COMPANYID,HFMCODE) values ('C_HOLDINGS',5685,'INTERCIAS',93,'5101202');
Insert into SET_PAYABLES_ICP (ICPCODE,SUPPLIERNO,TPARTNERTYPE,COMPANYID,HFMCODE) values ('C_HOLDINGS',26222,'INTERCIAS',93,'5101202');
Insert into SET_PAYABLES_ICP (ICPCODE,SUPPLIERNO,TPARTNERTYPE,COMPANYID,HFMCODE) values ('C_ESPANA',25525,'INTERCIAS',93,'5101202');
Insert into SET_PAYABLES_ICP (ICPCODE,SUPPLIERNO,TPARTNERTYPE,COMPANYID,HFMCODE) values ('CARIB',1325,'INTERCIAS',93,'5101202');
Insert into SET_PAYABLES_ICP (ICPCODE,SUPPLIERNO,TPARTNERTYPE,COMPANYID,HFMCODE) values ('BEIJING_IMP_EXP',25235,'INTERCIAS',93,'5101202');
Insert into SET_PAYABLES_ICP (ICPCODE,SUPPLIERNO,TPARTNERTYPE,COMPANYID,HFMCODE) values ('ARAWAK_CON',80668,'INTERCIAS',93,'5101202');
Insert into SET_PAYABLES_ICP (ICPCODE,SUPPLIERNO,TPARTNERTYPE,COMPANYID,HFMCODE) values ('CRG',85769,'INTERCIAS',93,'5101202');
Insert into SET_PAYABLES_ICP (ICPCODE,SUPPLIERNO,TPARTNERTYPE,COMPANYID,HFMCODE) values ('APOLLO',80637,'INTERCIAS',93,'5101202');
Insert into SET_PAYABLES_ICP (ICPCODE,SUPPLIERNO,TPARTNERTYPE,COMPANYID,HFMCODE) values ('ARAWAK_CON',2663,'INTERCIAS',93,'5101202');
Insert into SET_PAYABLES_ICP (ICPCODE,SUPPLIERNO,TPARTNERTYPE,COMPANYID,HFMCODE) values ('CARIB',2602,'INTERCIAS',93,'5101202');
Insert into SET_PAYABLES_ICP (ICPCODE,SUPPLIERNO,TPARTNERTYPE,COMPANYID,HFMCODE) values ('FALCON_RE',80638,'INTERCIAS',93,'5101202');
Insert into SET_PAYABLES_ICP (ICPCODE,SUPPLIERNO,TPARTNERTYPE,COMPANYID,HFMCODE) values ('TCL_GUYANA',18860,'INTERCIAS',93,'5101202');
Insert into SET_PAYABLES_ICP (ICPCODE,SUPPLIERNO,TPARTNERTYPE,COMPANYID,HFMCODE) values ('TCL_GUYANA',18184,'INTERCIAS',93,'5101202');
Insert into SET_PAYABLES_ICP (ICPCODE,SUPPLIERNO,TPARTNERTYPE,COMPANYID,HFMCODE) values ('TCL_TRADING',18863,'INTERCIAS',93,'5101202');
Insert into SET_PAYABLES_ICP (ICPCODE,SUPPLIERNO,TPARTNERTYPE,COMPANYID,HFMCODE) values ('TCL_NEVIS',81245,'INTERCIAS',93,'5101202');
Insert into SET_PAYABLES_ICP (ICPCODE,SUPPLIERNO,TPARTNERTYPE,COMPANYID,HFMCODE) values ('TCL_TRADING',2705,'INTERCIAS',93,'5101202');
Insert into SET_PAYABLES_ICP (ICPCODE,SUPPLIERNO,TPARTNERTYPE,COMPANYID,HFMCODE) values ('TORINO',80639,'INTERCIAS',93,'5101202');
Insert into SET_PAYABLES_ICP (ICPCODE,SUPPLIERNO,TPARTNERTYPE,COMPANYID,HFMCODE) values ('TCL',2588,'INTERCIAS',93,'5101202');
Insert into SET_PAYABLES_ICP (ICPCODE,SUPPLIERNO,TPARTNERTYPE,COMPANYID,HFMCODE) values ('RML',2720,'INTERCIAS',93,'5101202');
Insert into SET_PAYABLES_ICP (ICPCODE,SUPPLIERNO,TPARTNERTYPE,COMPANYID,HFMCODE) values ('RML',82490,'INTERCIAS',93,'5101202');
Insert into SET_PAYABLES_ICP (ICPCODE,SUPPLIERNO,TPARTNERTYPE,COMPANYID,HFMCODE) values ('TTLI_TRADING',80779,'INTERCIAS',93,'5101202');
Insert into SET_PAYABLES_ICP (ICPCODE,SUPPLIERNO,TPARTNERTYPE,COMPANYID,HFMCODE) values ('RML',2715,'INTERCIAS',93,'5101202');

Insert into SET_RECEIVABLES_ICP (CUSTNO,ICPCODE,TPARTNERTYPE,COMPANYID,HFMCODE) values (1000,'TCL','x',93,'4220111');
Insert into SET_RECEIVABLES_ICP (CUSTNO,ICPCODE,TPARTNERTYPE,COMPANYID,HFMCODE) values (1325,'CARIB','INTERCIAS',93,'4220111');
Insert into SET_RECEIVABLES_ICP (CUSTNO,ICPCODE,TPARTNERTYPE,COMPANYID,HFMCODE) values (1752,'CCCL_JAM_GYPSUM','INTERCIAS',93,'4220111');
Insert into SET_RECEIVABLES_ICP (CUSTNO,ICPCODE,TPARTNERTYPE,COMPANYID,HFMCODE) values (1944,'TCL_NEVIS','INTERCIAS',137,null);
Insert into SET_RECEIVABLES_ICP (CUSTNO,ICPCODE,TPARTNERTYPE,COMPANYID,HFMCODE) values (1945,'TCL LEASING LIMITED','INTERCIAS',137,null);
Insert into SET_RECEIVABLES_ICP (CUSTNO,ICPCODE,TPARTNERTYPE,COMPANYID,HFMCODE) values (1946,'TCL_PONSA','INTERCIAS',137,null);
Insert into SET_RECEIVABLES_ICP (CUSTNO,ICPCODE,TPARTNERTYPE,COMPANYID,HFMCODE) values (1947,'TCL_PACKAGING','INTERCIAS',137,null);
Insert into SET_RECEIVABLES_ICP (CUSTNO,ICPCODE,TPARTNERTYPE,COMPANYID,HFMCODE) values (1948,'RML','INTERCIAS',137,null);
Insert into SET_RECEIVABLES_ICP (CUSTNO,ICPCODE,TPARTNERTYPE,COMPANYID,HFMCODE) values (2253,'TCL_PACKAGING','INTERCIAS',93,'4220111');
Insert into SET_RECEIVABLES_ICP (CUSTNO,ICPCODE,TPARTNERTYPE,COMPANYID,HFMCODE) values (2266,'TCL_PONSA','INTERCIAS',93,'4220111');
Insert into SET_RECEIVABLES_ICP (CUSTNO,ICPCODE,TPARTNERTYPE,COMPANYID,HFMCODE) values (2268,'TCL_TRADING','INTERCIAS',93,'4220111');
Insert into SET_RECEIVABLES_ICP (CUSTNO,ICPCODE,TPARTNERTYPE,COMPANYID,HFMCODE) values (2332,'TCL','INTERCIAS',93,'4220111');
Insert into SET_RECEIVABLES_ICP (CUSTNO,ICPCODE,TPARTNERTYPE,COMPANYID,HFMCODE) values (2335,'TCL_TRADING','INTERCIAS',137,null);
Insert into SET_RECEIVABLES_ICP (CUSTNO,ICPCODE,TPARTNERTYPE,COMPANYID,HFMCODE) values (2342,'ARAWAK','INTERCIAS',137,null);
Insert into SET_RECEIVABLES_ICP (CUSTNO,ICPCODE,TPARTNERTYPE,COMPANYID,HFMCODE) values (2348,'CARIB','INTERCIAS',137,null);
Insert into SET_RECEIVABLES_ICP (CUSTNO,ICPCODE,TPARTNERTYPE,COMPANYID,HFMCODE) values (2588,'TCL','INTERCIAS',93,'4220111');
Insert into SET_RECEIVABLES_ICP (CUSTNO,ICPCODE,TPARTNERTYPE,COMPANYID,HFMCODE) values (2602,'CARIB','INTERCIAS',93,'4220111');
Insert into SET_RECEIVABLES_ICP (CUSTNO,ICPCODE,TPARTNERTYPE,COMPANYID,HFMCODE) values (2663,'ARAWAK_CON','INTERCIAS',93,'4220111');
Insert into SET_RECEIVABLES_ICP (CUSTNO,ICPCODE,TPARTNERTYPE,COMPANYID,HFMCODE) values (2705,'TCL_TRADING','INTERCIAS',93,'4220111');
Insert into SET_RECEIVABLES_ICP (CUSTNO,ICPCODE,TPARTNERTYPE,COMPANYID,HFMCODE) values (2715,'RML','INTERCIAS',93,'4220111');
Insert into SET_RECEIVABLES_ICP (CUSTNO,ICPCODE,TPARTNERTYPE,COMPANYID,HFMCODE) values (2720,'RML','INTERCIAS',93,'4220111');
Insert into SET_RECEIVABLES_ICP (CUSTNO,ICPCODE,TPARTNERTYPE,COMPANYID,HFMCODE) values (5685,'C_HOLDINGS','INTERCIAS',93,'4220111');
Insert into SET_RECEIVABLES_ICP (CUSTNO,ICPCODE,TPARTNERTYPE,COMPANYID,HFMCODE) values (13971,'TCL_GUYANA','INTERCIAS',93,'4220111');
Insert into SET_RECEIVABLES_ICP (CUSTNO,ICPCODE,TPARTNERTYPE,COMPANYID,HFMCODE) values (16660,'TCL','X',93,'4220111');
Insert into SET_RECEIVABLES_ICP (CUSTNO,ICPCODE,TPARTNERTYPE,COMPANYID,HFMCODE) values (18184,'TCL_GUYANA','INTERCIAS',93,'4220111');
Insert into SET_RECEIVABLES_ICP (CUSTNO,ICPCODE,TPARTNERTYPE,COMPANYID,HFMCODE) values (18515,'TCL_GUYANA','INTERCIAS',137,null);
Insert into SET_RECEIVABLES_ICP (CUSTNO,ICPCODE,TPARTNERTYPE,COMPANYID,HFMCODE) values (18732,'TCL_NEVIS','INTERCIAS',137,null);
Insert into SET_RECEIVABLES_ICP (CUSTNO,ICPCODE,TPARTNERTYPE,COMPANYID,HFMCODE) values (18860,'TCL_GUYANA','INTERCIAS',93,'4220111');
Insert into SET_RECEIVABLES_ICP (CUSTNO,ICPCODE,TPARTNERTYPE,COMPANYID,HFMCODE) values (18863,'TCL_TRADING','INTERCIAS',93,'4220111');
Insert into SET_RECEIVABLES_ICP (CUSTNO,ICPCODE,TPARTNERTYPE,COMPANYID,HFMCODE) values (24039,'C_HOLDINGS','INTERCIAS',93,'4220111');
Insert into SET_RECEIVABLES_ICP (CUSTNO,ICPCODE,TPARTNERTYPE,COMPANYID,HFMCODE) values (24884,'CARIB','INTERCIAS',137,null);
Insert into SET_RECEIVABLES_ICP (CUSTNO,ICPCODE,TPARTNERTYPE,COMPANYID,HFMCODE) values (25235,'BEIJING_IMP_EXP','INTERCIAS',93,'4220111');
Insert into SET_RECEIVABLES_ICP (CUSTNO,ICPCODE,TPARTNERTYPE,COMPANYID,HFMCODE) values (25525,'C_ESPANA','INTERCIAS',93,'4220111');
Insert into SET_RECEIVABLES_ICP (CUSTNO,ICPCODE,TPARTNERTYPE,COMPANYID,HFMCODE) values (25694,'SUNBULK_SHIP_LTD','INTERCIAS',93,'4220111');
Insert into SET_RECEIVABLES_ICP (CUSTNO,ICPCODE,TPARTNERTYPE,COMPANYID,HFMCODE) values (25765,'ARAWAK_CON','INTERCIAS',93,'4220111');
Insert into SET_RECEIVABLES_ICP (CUSTNO,ICPCODE,TPARTNERTYPE,COMPANYID,HFMCODE) values (25923,'SUPERQUIMICOS','INTERCIAS',93,'4220111');
Insert into SET_RECEIVABLES_ICP (CUSTNO,ICPCODE,TPARTNERTYPE,COMPANYID,HFMCODE) values (26222,'C_HOLDINGS','INTERCIAS',93,'4220111');
Insert into SET_RECEIVABLES_ICP (CUSTNO,ICPCODE,TPARTNERTYPE,COMPANYID,HFMCODE) values (35239,'CARIB','INTERCIAS',137,null);
Insert into SET_RECEIVABLES_ICP (CUSTNO,ICPCODE,TPARTNERTYPE,COMPANYID,HFMCODE) values (36039,'CARIB','INTERCIAS',137,null);
Insert into SET_RECEIVABLES_ICP (CUSTNO,ICPCODE,TPARTNERTYPE,COMPANYID,HFMCODE) values (43964,'TCL_NEVIS','INTERCIAS',137,null);
Insert into SET_RECEIVABLES_ICP (CUSTNO,ICPCODE,TPARTNERTYPE,COMPANYID,HFMCODE) values (51902,'TCL_NEVIS','INTERCIAS',137,null);
Insert into SET_RECEIVABLES_ICP (CUSTNO,ICPCODE,TPARTNERTYPE,COMPANYID,HFMCODE) values (75945,'ARAWAK','INTERCIAS',137,null);
Insert into SET_RECEIVABLES_ICP (CUSTNO,ICPCODE,TPARTNERTYPE,COMPANYID,HFMCODE) values (75946,'ARAWAK','INTERCIAS',137,null);
Insert into SET_RECEIVABLES_ICP (CUSTNO,ICPCODE,TPARTNERTYPE,COMPANYID,HFMCODE) values (75947,'ARAWAK','INTERCIAS',137,null);
Insert into SET_RECEIVABLES_ICP (CUSTNO,ICPCODE,TPARTNERTYPE,COMPANYID,HFMCODE) values (75948,'ARAWAK','INTERCIAS',137,null);
Insert into SET_RECEIVABLES_ICP (CUSTNO,ICPCODE,TPARTNERTYPE,COMPANYID,HFMCODE) values (75949,'ARAWAK','INTERCIAS',137,null);
Insert into SET_RECEIVABLES_ICP (CUSTNO,ICPCODE,TPARTNERTYPE,COMPANYID,HFMCODE) values (80320,'TTLI_TRADING','INTERCIAS',137,null);
Insert into SET_RECEIVABLES_ICP (CUSTNO,ICPCODE,TPARTNERTYPE,COMPANYID,HFMCODE) values (80637,'APOLLO','INTERCIAS',93,'4220111');
Insert into SET_RECEIVABLES_ICP (CUSTNO,ICPCODE,TPARTNERTYPE,COMPANYID,HFMCODE) values (80638,'FALCON_RE','INTERCIAS',93,'4220111');
Insert into SET_RECEIVABLES_ICP (CUSTNO,ICPCODE,TPARTNERTYPE,COMPANYID,HFMCODE) values (80639,'TORINO','INTERCIAS',93,'4220111');
Insert into SET_RECEIVABLES_ICP (CUSTNO,ICPCODE,TPARTNERTYPE,COMPANYID,HFMCODE) values (80668,'ARAWAK_CON','INTERCIAS',93,'4220111');
Insert into SET_RECEIVABLES_ICP (CUSTNO,ICPCODE,TPARTNERTYPE,COMPANYID,HFMCODE) values (80779,'TTLI_TRADING','INTERCIAS',93,'4220111');
Insert into SET_RECEIVABLES_ICP (CUSTNO,ICPCODE,TPARTNERTYPE,COMPANYID,HFMCODE) values (80884,'ARAWAK_CON','X',93,'4220111');
Insert into SET_RECEIVABLES_ICP (CUSTNO,ICPCODE,TPARTNERTYPE,COMPANYID,HFMCODE) values (81245,'TCL_NEVIS','INTERCIAS',93,'4220111');
Insert into SET_RECEIVABLES_ICP (CUSTNO,ICPCODE,TPARTNERTYPE,COMPANYID,HFMCODE) values (82070,'ARAWAK','INTERCIAS',137,null);
Insert into SET_RECEIVABLES_ICP (CUSTNO,ICPCODE,TPARTNERTYPE,COMPANYID,HFMCODE) values (82490,'RML','INTERCIAS',93,'4220111');
Insert into SET_RECEIVABLES_ICP (CUSTNO,ICPCODE,TPARTNERTYPE,COMPANYID,HFMCODE) values (82744,'TCL_GUYANA','INTERCIAS',137,null);
Insert into SET_RECEIVABLES_ICP (CUSTNO,ICPCODE,TPARTNERTYPE,COMPANYID,HFMCODE) values (85769,'CRG','INTERCIAS',93,'4220111');
